ADANIENT25FEB2120CE,0
ADANIENT25FEB2120PE,0
ADANIENT25FEB2140CE,0
ADANIENT25FEB2140PE,0
ADANIENT25FEB2160CE,0
ADANIENT25FEB2160PE,0
ADANIENT25FEB2180CE,0
ADANIENT25FEB2180PE,0
ADANIENT25FEB2200CE,-600
ADANIENT25FEB2200PE,600
ADANIENT25FEB2220CE,0
ADANIENT25FEB2220PE,0
ADANIENT25FEB2240CE,0
ADANIENT25FEB2240PE,0
ADANIENT25FEB2260CE,0
ADANIENT25FEB2260PE,0
ADANIENT25FEB2280CE,0
ADANIENT25FEB2280PE,0
ADANIENT25FEB2300CE,-1200
ADANIENT25FEB2300PE,1200
ADANIENT25FEB2320CE,0
ADANIENT25FEB2320PE,0
ADANIENT25FEB2340CE,-600
ADANIENT25FEB2340PE,600
ADANIENT25FEB2360CE,0
ADANIENT25FEB2360PE,0
ADANIENT25FEB2380CE,0
ADANIENT25FEB2380PE,0
ADANIENT25FEB2400CE,-10200
ADANIENT25FEB2400PE,10200
ADANIENT25FEB2420CE,0
ADANIENT25FEB2420PE,0
ADANIENT25FEB2440CE,0
ADANIENT25FEB2440PE,0
ADANIENT25FEB2460CE,0
ADANIENT25FEB2460PE,0
ADANIENT25FEB2500CE,-8700
ADANIENT25FEB2500PE,8700
ADANIENT25FEB2600CE,0
ADANIENT25FEB2600PE,0
ADANIENT25FEB2700CE,0
ADANIENT25FEB2700PE,0
ADANIENT25FEBFUT,21300
ADANIGREEN25FEB1000CE,-375
ADANIGREEN25FEB1000PE,375
ADANIGREEN25FEB1020CE,0
ADANIGREEN25FEB1020PE,0
ADANIGREEN25FEB1040CE,-375
ADANIGREEN25FEB1040PE,375
ADANIGREEN25FEB1060CE,0
ADANIGREEN25FEB1060PE,0
ADANIGREEN25FEB1080CE,0
ADANIGREEN25FEB1080PE,0
ADANIGREEN25FEB1100CE,0
ADANIGREEN25FEB1100PE,0
ADANIGREEN25FEB1120CE,0
ADANIGREEN25FEB1120PE,0
ADANIGREEN25FEB940CE,0
ADANIGREEN25FEB940PE,0
ADANIGREEN25FEB960CE,0
ADANIGREEN25FEB960PE,0
ADANIGREEN25FEB980CE,0
ADANIGREEN25FEB980PE,0
ADANIGREEN25FEBFUT,750
APOLLOHOSP25FEB6150CE,0
APOLLOHOSP25FEB6150PE,0
APOLLOHOSP25FEB6200CE,0
APOLLOHOSP25FEB6200PE,0
APOLLOHOSP25FEB6250CE,0
APOLLOHOSP25FEB6250PE,0
APOLLOHOSP25FEB6300CE,0
APOLLOHOSP25FEB6300PE,0
APOLLOHOSP25FEB6350CE,0
APOLLOHOSP25FEB6350PE,0
APOLLOHOSP25FEB6400CE,0
APOLLOHOSP25FEB6400PE,0
APOLLOHOSP25FEB6450CE,0
APOLLOHOSP25FEB6450PE,0
APOLLOHOSP25FEB6500CE,0
APOLLOHOSP25FEB6500PE,0
APOLLOHOSP25FEB6550CE,0
APOLLOHOSP25FEB6550PE,0
APOLLOHOSP25FEB6600CE,0
APOLLOHOSP25FEB6600PE,0
APOLLOHOSP25FEB6700CE,0
APOLLOHOSP25FEB6700PE,0
APOLLOHOSP25FEB6800CE,0
APOLLOHOSP25FEB6800PE,0
APOLLOHOSP25FEBFUT,0
BAJFINANCE25FEB8000CE,0
BAJFINANCE25FEB8000PE,0
BAJFINANCE25FEB8100CE,0
BAJFINANCE25FEB8100PE,0
BAJFINANCE25FEB8200CE,0
BAJFINANCE25FEB8200PE,0
BAJFINANCE25FEB8300CE,0
BAJFINANCE25FEB8300PE,0
BAJFINANCE25FEB8400CE,0
BAJFINANCE25FEB8400PE,0
BAJFINANCE25FEB8500CE,0
BAJFINANCE25FEB8500PE,0
BAJFINANCE25FEB8600CE,0
BAJFINANCE25FEB8600PE,0
BAJFINANCE25FEB8900CE,0
BAJFINANCE25FEB8900PE,0
BAJFINANCE25FEBFUT,0
BANKBARODA25FEB195CE,0
BANKBARODA25FEB195PE,0
BANKBARODA25FEB197.5CE,0
BANKBARODA25FEB197.5PE,0
BANKBARODA25FEB200CE,-5850
BANKBARODA25FEB200PE,5850
BANKBARODA25FEB202.5CE,0
BANKBARODA25FEB202.5PE,0
BANKBARODA25FEB205CE,0
BANKBARODA25FEB205PE,0
BANKBARODA25FEB207.5CE,0
BANKBARODA25FEB207.5PE,0
BANKBARODA25FEB210CE,-49725
BANKBARODA25FEB210PE,49725
BANKBARODA25FEB212.5CE,0
BANKBARODA25FEB212.5PE,0
BANKBARODA25FEB215CE,-11700
BANKBARODA25FEB215PE,11700
BANKBARODA25FEB217.5CE,0
BANKBARODA25FEB217.5PE,0
BANKBARODA25FEB220CE,-125775
BANKBARODA25FEB220PE,125775
BANKBARODA25FEB222.5CE,0
BANKBARODA25FEB222.5PE,0
BANKBARODA25FEB225CE,0
BANKBARODA25FEB225PE,0
BANKBARODA25FEB227.5CE,0
BANKBARODA25FEB227.5PE,0
BANKBARODA25FEB230CE,-166725
BANKBARODA25FEB230PE,166725
BANKBARODA25FEB235CE,0
BANKBARODA25FEB235PE,0
BANKBARODA25FEB240CE,-8775
BANKBARODA25FEB240PE,8775
BANKBARODA25FEB250CE,0
BANKBARODA25FEB250PE,0
BANKBARODA25FEBFUT,368550
BEL25FEB260CE,0
BEL25FEB260PE,0
BEL25FEB265CE,0
BEL25FEB265PE,0
BEL25FEB270CE,0
BEL25FEB270PE,0
BEL25FEB275CE,0
BEL25FEB275PE,0
BEL25FEB280CE,0
BEL25FEB280PE,0
BEL25FEB285CE,0
BEL25FEB285PE,0
BEL25FEB290CE,0
BEL25FEB290PE,0
BEL25FEB295CE,0
BEL25FEB295PE,0
BEL25FEB300CE,0
BEL25FEB300PE,0
BEL25FEB305CE,0
BEL25FEB305PE,0
BEL25FEB310CE,0
BEL25FEB310PE,0
BEL25FEB315CE,0
BEL25FEB315PE,0
BEL25FEBFUT,0
BHEL25FEB180CE,0
BHEL25FEB180PE,0
BHEL25FEB185CE,0
BHEL25FEB185PE,0
BHEL25FEB190CE,0
BHEL25FEB190PE,0
BHEL25FEB195CE,0
BHEL25FEB195PE,0
BHEL25FEB200CE,-47250
BHEL25FEB200PE,47250
BHEL25FEB205CE,0
BHEL25FEB205PE,0
BHEL25FEB210CE,-68250
BHEL25FEB210PE,68250
BHEL25FEB215CE,0
BHEL25FEB215PE,0
BHEL25FEB220CE,-34125
BHEL25FEB220PE,34125
BHEL25FEBFUT,149625
BSE25FEB4800CE,0
BSE25FEB4800PE,0
BSE25FEB4900CE,0
BSE25FEB4900PE,0
BSE25FEB5000CE,-125
BSE25FEB5000PE,125
BSE25FEB5100CE,0
BSE25FEB5100PE,0
BSE25FEB5200CE,-1625
BSE25FEB5200PE,1625
BSE25FEB5300CE,-1500
BSE25FEB5300PE,1500
BSE25FEB5400CE,-625
BSE25FEB5400PE,625
BSE25FEB5500CE,-1375
BSE25FEB5500PE,1375
BSE25FEB5600CE,0
BSE25FEB5600PE,0
BSE25FEB5700CE,-125
BSE25FEB5700PE,125
BSE25FEBFUT,5375
CANBK25FEB80CE,0
CANBK25FEB80PE,0
CANBK25FEB81CE,0
CANBK25FEB81PE,0
CANBK25FEB82CE,0
CANBK25FEB82PE,0
CANBK25FEB83CE,0
CANBK25FEB83PE,0
CANBK25FEB84CE,0
CANBK25FEB84PE,0
CANBK25FEB85CE,0
CANBK25FEB85PE,0
CANBK25FEB86CE,0
CANBK25FEB86PE,0
CANBK25FEB87CE,0
CANBK25FEB87PE,0
CANBK25FEB88CE,0
CANBK25FEB88PE,0
CANBK25FEB89CE,0
CANBK25FEB89PE,0
CANBK25FEB90CE,-20250
CANBK25FEB90PE,20250
CANBK25FEB91CE,0
CANBK25FEB91PE,0
CANBK25FEB92CE,-6750
CANBK25FEB92PE,6750
CANBK25FEB93CE,-13500
CANBK25FEB93PE,13500
CANBK25FEB94CE,0
CANBK25FEB94PE,0
CANBK25FEB95CE,-20250
CANBK25FEB95PE,20250
CANBK25FEBFUT,60750
ESCORTS25FEB3100CE,0
ESCORTS25FEB3100PE,0
ESCORTS25FEB3150CE,0
ESCORTS25FEB3150PE,0
ESCORTS25FEB3200CE,0
ESCORTS25FEB3200PE,0
ESCORTS25FEB3250CE,0
ESCORTS25FEB3250PE,0
ESCORTS25FEB3300CE,0
ESCORTS25FEB3300PE,0
ESCORTS25FEB3350CE,0
ESCORTS25FEB3350PE,0
ESCORTS25FEB3400CE,0
ESCORTS25FEB3400PE,0
ESCORTS25FEB3450CE,0
ESCORTS25FEB3450PE,0
ESCORTS25FEB3500CE,0
ESCORTS25FEB3500PE,0
ESCORTS25FEB3550CE,0
ESCORTS25FEB3550PE,0
ESCORTS25FEBFUT,0
EXIDEIND25FEB350CE,0
EXIDEIND25FEB350PE,0
EXIDEIND25FEB355CE,0
EXIDEIND25FEB355PE,0
EXIDEIND25FEB360CE,0
EXIDEIND25FEB360PE,0
EXIDEIND25FEB365CE,0
EXIDEIND25FEB365PE,0
EXIDEIND25FEB370CE,0
EXIDEIND25FEB370PE,0
EXIDEIND25FEB375CE,0
EXIDEIND25FEB375PE,0
EXIDEIND25FEB380CE,-3600
EXIDEIND25FEB380PE,3600
EXIDEIND25FEB385CE,0
EXIDEIND25FEB385PE,0
EXIDEIND25FEB390CE,0
EXIDEIND25FEB390PE,0
EXIDEIND25FEB395CE,0
EXIDEIND25FEB395PE,0
EXIDEIND25FEB400CE,0
EXIDEIND25FEB400PE,0
EXIDEIND25FEBFUT,3600
GAIL25FEB155CE,0
GAIL25FEB155PE,0
GAIL25FEB156CE,0
GAIL25FEB156PE,0
GAIL25FEB157.5CE,0
GAIL25FEB157.5PE,0
GAIL25FEB158.5CE,0
GAIL25FEB158.5PE,0
GAIL25FEB160CE,0
GAIL25FEB160PE,0
GAIL25FEB161CE,0
GAIL25FEB161PE,0
GAIL25FEB162.5CE,0
GAIL25FEB162.5PE,0
GAIL25FEB163.5CE,0
GAIL25FEB163.5PE,0
GAIL25FEB165CE,0
GAIL25FEB165PE,0
GAIL25FEB166CE,0
GAIL25FEB166PE,0
GAIL25FEB168.5CE,0
GAIL25FEB168.5PE,0
GAIL25FEB171CE,0
GAIL25FEB171PE,0
GAIL25FEB173.5CE,0
GAIL25FEB173.5PE,0
GAIL25FEBFUT,0
GMRAIRPORT25FEB65CE,5625
GMRAIRPORT25FEB65PE,-5625
GMRAIRPORT25FEB66CE,0
GMRAIRPORT25FEB66PE,0
GMRAIRPORT25FEB67CE,0
GMRAIRPORT25FEB67PE,0
GMRAIRPORT25FEB68CE,0
GMRAIRPORT25FEB68PE,0
GMRAIRPORT25FEB69CE,0
GMRAIRPORT25FEB69PE,0
GMRAIRPORT25FEB70CE,-101250
GMRAIRPORT25FEB70PE,101250
GMRAIRPORT25FEB71CE,-5625
GMRAIRPORT25FEB71PE,5625
GMRAIRPORT25FEB72CE,0
GMRAIRPORT25FEB72PE,0
GMRAIRPORT25FEB73CE,0
GMRAIRPORT25FEB73PE,0
GMRAIRPORT25FEB74CE,0
GMRAIRPORT25FEB74PE,0
GMRAIRPORT25FEB75CE,-230625
GMRAIRPORT25FEB75PE,230625
GMRAIRPORT25FEB76CE,0
GMRAIRPORT25FEB76PE,0
GMRAIRPORT25FEB77CE,0
GMRAIRPORT25FEB77PE,0
GMRAIRPORT25FEB78CE,0
GMRAIRPORT25FEB78PE,0
GMRAIRPORT25FEB79CE,0
GMRAIRPORT25FEB79PE,0
GMRAIRPORT25FEB80CE,-90000
GMRAIRPORT25FEB80PE,90000
GMRAIRPORT25FEB85CE,0
GMRAIRPORT25FEB85PE,0
GMRAIRPORT25FEBFUT,421875
HAL25FEB3250CE,0
HAL25FEB3250PE,0
HAL25FEB3300CE,0
HAL25FEB3300PE,0
HAL25FEB3350CE,0
HAL25FEB3350PE,0
HAL25FEB3400CE,0
HAL25FEB3400PE,0
HAL25FEB3450CE,0
HAL25FEB3450PE,0
HAL25FEB3500CE,-150
HAL25FEB3500PE,150
HAL25FEB3550CE,0
HAL25FEB3550PE,0
HAL25FEB3600CE,-150
HAL25FEB3600PE,150
HAL25FEB3650CE,0
HAL25FEB3650PE,0
HAL25FEB3700CE,-1050
HAL25FEB3700PE,1050
HAL25FEB3750CE,0
HAL25FEB3750PE,0
HAL25FEB3800CE,-450
HAL25FEB3800PE,450
HAL25FEB3850CE,0
HAL25FEB3850PE,0
HAL25FEB3900CE,-150
HAL25FEB3900PE,150
HAL25FEB3950CE,0
HAL25FEB3950PE,0
HAL25FEB4000CE,0
HAL25FEB4000PE,0
HAL25FEB4100CE,0
HAL25FEB4100PE,0
HAL25FEBFUT,1950
HDFCBANK25FEB1600CE,0
HDFCBANK25FEB1600PE,0
HDFCBANK25FEB1620CE,0
HDFCBANK25FEB1620PE,0
HDFCBANK25FEB1640CE,0
HDFCBANK25FEB1640PE,0
HDFCBANK25FEB1660CE,0
HDFCBANK25FEB1660PE,0
HDFCBANK25FEB1680CE,0
HDFCBANK25FEB1680PE,0
HDFCBANK25FEB1700CE,0
HDFCBANK25FEB1700PE,0
HDFCBANK25FEB1720CE,0
HDFCBANK25FEB1720PE,0
HDFCBANK25FEB1740CE,0
HDFCBANK25FEB1740PE,0
HDFCBANK25FEB1760CE,0
HDFCBANK25FEB1760PE,0
HDFCBANK25FEB1780CE,0
HDFCBANK25FEB1780PE,0
HDFCBANK25FEB1800CE,0
HDFCBANK25FEB1800PE,0
HDFCBANK25FEBFUT,0
HFCL25FEB100CE,-12450
HFCL25FEB100PE,12450
HFCL25FEB102.5CE,0
HFCL25FEB102.5PE,0
HFCL25FEB105CE,-16600
HFCL25FEB105PE,16600
HFCL25FEB107.5CE,0
HFCL25FEB107.5PE,0
HFCL25FEB110CE,-24900
HFCL25FEB110PE,24900
HFCL25FEB112.5CE,0
HFCL25FEB112.5PE,0
HFCL25FEB115CE,0
HFCL25FEB115PE,0
HFCL25FEB117.5CE,0
HFCL25FEB117.5PE,0
HFCL25FEB75CE,0
HFCL25FEB75PE,0
HFCL25FEB77.5CE,0
HFCL25FEB77.5PE,0
HFCL25FEB80CE,0
HFCL25FEB80PE,0
HFCL25FEB82.5CE,0
HFCL25FEB82.5PE,0
HFCL25FEB85CE,0
HFCL25FEB85PE,0
HFCL25FEB87.5CE,0
HFCL25FEB87.5PE,0
HFCL25FEB90CE,0
HFCL25FEB90PE,0
HFCL25FEB92.5CE,0
HFCL25FEB92.5PE,0
HFCL25FEB95CE,-4150
HFCL25FEB95PE,4150
HFCL25FEB97.5CE,0
HFCL25FEB97.5PE,0
HFCL25FEBFUT,58100
HINDPETRO25FEB320CE,0
HINDPETRO25FEB320PE,0
HINDPETRO25FEB325CE,0
HINDPETRO25FEB325PE,0
HINDPETRO25FEB330CE,0
HINDPETRO25FEB330PE,0
HINDPETRO25FEB335CE,0
HINDPETRO25FEB335PE,0
HINDPETRO25FEB340CE,-12150
HINDPETRO25FEB340PE,12150
HINDPETRO25FEB345CE,0
HINDPETRO25FEB345PE,0
HINDPETRO25FEB350CE,-2025
HINDPETRO25FEB350PE,2025
HINDPETRO25FEB355CE,0
HINDPETRO25FEB355PE,0
HINDPETRO25FEB360CE,0
HINDPETRO25FEB360PE,0
HINDPETRO25FEB365CE,0
HINDPETRO25FEB365PE,0
HINDPETRO25FEB370CE,0
HINDPETRO25FEB370PE,0
HINDPETRO25FEBFUT,14175
HUDCO25FEB200CE,-4850
HUDCO25FEB200PE,4850
HUDCO25FEB210CE,-4850
HUDCO25FEB210PE,4850
HUDCO25FEBFUT,9700
IDEA25FEB10CE,-2560000
IDEA25FEB10PE,2560000
IDEA25FEB11CE,-2480000
IDEA25FEB11PE,2480000
IDEA25FEB12CE,-1320000
IDEA25FEB12PE,1320000
IDEA25FEB13CE,0
IDEA25FEB13PE,0
IDEA25FEB14CE,0
IDEA25FEB14PE,0
IDEA25FEB15CE,0
IDEA25FEB15PE,0
IDEA25FEB4CE,0
IDEA25FEB4PE,0
IDEA25FEB5CE,0
IDEA25FEB5PE,0
IDEA25FEB6CE,0
IDEA25FEB6PE,40000
IDEA25FEB7CE,-280000
IDEA25FEB7PE,280000
IDEA25FEB8CE,-360000
IDEA25FEB8PE,360000
IDEA25FEB9CE,-2880000
IDEA25FEB9PE,2880000
IDEA25FEBFUT,9880000
IDEA25MAR10CE,-320000
IDEA25MAR10PE,320000
IDEA25MAR11CE,0
IDEA25MAR11PE,0
IDEA25MAR12CE,0
IDEA25MAR12PE,0
IDEA25MAR13CE,0
IDEA25MAR13PE,0
IDEA25MAR14CE,0
IDEA25MAR14PE,0
IDEA25MAR5CE,0
IDEA25MAR5PE,0
IDEA25MAR6CE,0
IDEA25MAR6PE,0
IDEA25MAR7CE,0
IDEA25MAR7PE,0
IDEA25MAR8CE,-1120000
IDEA25MAR8PE,1120000
IDEA25MAR9CE,-640000
IDEA25MAR9PE,640000
IDEA25MARFUT,2080000
IDFCFIRSTB25FEB55CE,0
IDFCFIRSTB25FEB55PE,0
IDFCFIRSTB25FEB58CE,0
IDFCFIRSTB25FEB58PE,0
IDFCFIRSTB25FEB59CE,0
IDFCFIRSTB25FEB59PE,0
IDFCFIRSTB25FEB60CE,-97500
IDFCFIRSTB25FEB60PE,97500
IDFCFIRSTB25FEB61CE,0
IDFCFIRSTB25FEB61PE,0
IDFCFIRSTB25FEB62CE,-7500
IDFCFIRSTB25FEB62PE,7500
IDFCFIRSTB25FEB63CE,0
IDFCFIRSTB25FEB63PE,0
IDFCFIRSTB25FEB64CE,0
IDFCFIRSTB25FEB64PE,0
IDFCFIRSTB25FEB65CE,0
IDFCFIRSTB25FEB65PE,0
IDFCFIRSTB25FEB66CE,0
IDFCFIRSTB25FEB66PE,0
IDFCFIRSTB25FEB67CE,0
IDFCFIRSTB25FEB67PE,0
IDFCFIRSTB25FEB70CE,0
IDFCFIRSTB25FEB70PE,0
IDFCFIRSTB25FEB80CE,0
IDFCFIRSTB25FEB80PE,0
IDFCFIRSTB25FEBFUT,105000
IEX25FEB160CE,0
IEX25FEB160PE,0
IEX25FEB165CE,0
IEX25FEB165PE,0
IEX25FEB167.5CE,0
IEX25FEB167.5PE,0
IEX25FEB170CE,-30000
IEX25FEB170PE,30000
IEX25FEB172.5CE,0
IEX25FEB172.5PE,0
IEX25FEB175CE,0
IEX25FEB175PE,0
IEX25FEB177.5CE,0
IEX25FEB177.5PE,0
IEX25FEB180CE,-142500
IEX25FEB180PE,142500
IEX25FEB182.5CE,0
IEX25FEB182.5PE,0
IEX25FEB185CE,0
IEX25FEB185PE,0
IEX25FEB187.5CE,0
IEX25FEB187.5PE,0
IEX25FEB190CE,-7500
IEX25FEB190PE,7500
IEX25FEBFUT,180000
INDHOTEL25FEB1060CE,0
INDHOTEL25FEB1060PE,0
INDHOTEL25FEB770CE,0
INDHOTEL25FEB770PE,0
INDHOTEL25FEB780CE,0
INDHOTEL25FEB780PE,0
INDHOTEL25FEB790CE,0
INDHOTEL25FEB790PE,0
INDHOTEL25FEB800CE,0
INDHOTEL25FEB800PE,0
INDHOTEL25FEB810CE,0
INDHOTEL25FEB810PE,0
INDHOTEL25FEB820CE,0
INDHOTEL25FEB820PE,0
INDHOTEL25FEB830CE,0
INDHOTEL25FEB830PE,0
INDHOTEL25FEB840CE,0
INDHOTEL25FEB840PE,0
INDHOTEL25FEB850CE,0
INDHOTEL25FEB850PE,0
INDHOTEL25FEB860CE,0
INDHOTEL25FEB860PE,0
INDHOTEL25FEBFUT,0
INDUSTOWER25FEB335CE,0
INDUSTOWER25FEB335PE,0
INDUSTOWER25FEB340CE,0
INDUSTOWER25FEB340PE,0
INDUSTOWER25FEB345CE,0
INDUSTOWER25FEB345PE,0
INDUSTOWER25FEB350CE,0
INDUSTOWER25FEB350PE,0
INDUSTOWER25FEB355CE,0
INDUSTOWER25FEB355PE,0
INDUSTOWER25FEB360CE,-1700
INDUSTOWER25FEB360PE,1700
INDUSTOWER25FEB365CE,0
INDUSTOWER25FEB365PE,0
INDUSTOWER25FEB370CE,0
INDUSTOWER25FEB370PE,0
INDUSTOWER25FEB375CE,0
INDUSTOWER25FEB375PE,0
INDUSTOWER25FEB380CE,0
INDUSTOWER25FEB380PE,0
INDUSTOWER25FEB385CE,0
INDUSTOWER25FEB385PE,0
INDUSTOWER25FEB390CE,0
INDUSTOWER25FEB390PE,0
INDUSTOWER25FEBFUT,1700
IOC25FEB110CE,0
IOC25FEB110PE,0
IOC25FEB112.5CE,0
IOC25FEB112.5PE,0
IOC25FEB115CE,0
IOC25FEB115PE,0
IOC25FEB117.5CE,0
IOC25FEB117.5PE,0
IOC25FEB120CE,-14625
IOC25FEB120PE,14625
IOC25FEB122.5CE,0
IOC25FEB122.5PE,0
IOC25FEB125CE,0
IOC25FEB125PE,0
IOC25FEB127.5CE,0
IOC25FEB127.5PE,0
IOC25FEB130CE,-58500
IOC25FEB130PE,58500
IOC25FEB132.5CE,0
IOC25FEB132.5PE,0
IOC25FEB135CE,0
IOC25FEB135PE,0
IOC25FEB137.5CE,0
IOC25FEB137.5PE,0
IOC25FEB140CE,-68250
IOC25FEB140PE,68250
IOC25FEB142.5CE,0
IOC25FEB142.5PE,0
IOC25FEB150CE,-136500
IOC25FEB150PE,136500
IOC25FEB160CE,0
IOC25FEB160PE,0
IOC25FEBFUT,277875
IRB25FEB41CE,0
IRB25FEB41PE,0
IRB25FEB42CE,0
IRB25FEB42PE,0
IRB25FEB43CE,0
IRB25FEB43PE,0
IRB25FEB44CE,0
IRB25FEB44PE,0
IRB25FEB45CE,0
IRB25FEB45PE,0
IRB25FEB46CE,0
IRB25FEB46PE,0
IRB25FEB47CE,0
IRB25FEB47PE,0
IRB25FEB48CE,0
IRB25FEB48PE,0
IRB25FEB49CE,0
IRB25FEB49PE,0
IRB25FEB50CE,-10250
IRB25FEB50PE,10250
IRB25FEB51CE,0
IRB25FEB51PE,0
IRB25FEB52CE,0
IRB25FEB52PE,0
IRB25FEB53CE,0
IRB25FEB53PE,0
IRB25FEB54CE,0
IRB25FEB54PE,0
IRB25FEB55CE,-20500
IRB25FEB55PE,20500
IRB25FEB58CE,-30750
IRB25FEB58PE,30750
IRB25FEB60CE,-20500
IRB25FEB60PE,20500
IRB25FEBFUT,82000
JINDALSTEL25FEB680CE,0
JINDALSTEL25FEB680PE,0
JINDALSTEL25FEB700CE,0
JINDALSTEL25FEB700PE,0
JINDALSTEL25FEB720CE,0
JINDALSTEL25FEB720PE,0
JINDALSTEL25FEB740CE,0
JINDALSTEL25FEB740PE,0
JINDALSTEL25FEB760CE,0
JINDALSTEL25FEB760PE,0
JINDALSTEL25FEB780CE,0
JINDALSTEL25FEB780PE,0
JINDALSTEL25FEB800CE,0
JINDALSTEL25FEB800PE,0
JINDALSTEL25FEB820CE,0
JINDALSTEL25FEB820PE,0
JINDALSTEL25FEB840CE,-3750
JINDALSTEL25FEB840PE,3750
JINDALSTEL25FEB860CE,0
JINDALSTEL25FEB860PE,0
JINDALSTEL25FEBFUT,3750
JIOFIN25FEB230CE,0
JIOFIN25FEB230PE,0
JIOFIN25FEB235CE,0
JIOFIN25FEB235PE,0
JIOFIN25FEB240CE,-3300
JIOFIN25FEB240PE,3300
JIOFIN25FEB245CE,0
JIOFIN25FEB245PE,0
JIOFIN25FEB250CE,-3300
JIOFIN25FEB250PE,3300
JIOFIN25FEB255CE,0
JIOFIN25FEB255PE,0
JIOFIN25FEB260CE,-3300
JIOFIN25FEB260PE,3300
JIOFIN25FEB265CE,0
JIOFIN25FEB265PE,0
JIOFIN25FEB270CE,0
JIOFIN25FEB270PE,0
JIOFIN25FEB275CE,0
JIOFIN25FEB275PE,0
JIOFIN25FEBFUT,9900
KALYANKJIL25FEB400CE,0
KALYANKJIL25FEB400PE,0
KALYANKJIL25FEB420CE,0
KALYANKJIL25FEB420PE,0
KALYANKJIL25FEB440CE,0
KALYANKJIL25FEB440PE,0
KALYANKJIL25FEB460CE,-3100
KALYANKJIL25FEB460PE,3100
KALYANKJIL25FEB480CE,-1550
KALYANKJIL25FEB480PE,1550
KALYANKJIL25FEB500CE,-3875
KALYANKJIL25FEB500PE,3875
KALYANKJIL25FEB520CE,0
KALYANKJIL25FEB520PE,0
KALYANKJIL25FEB540CE,0
KALYANKJIL25FEB540PE,0
KALYANKJIL25FEB560CE,0
KALYANKJIL25FEB560PE,0
KALYANKJIL25FEB580CE,0
KALYANKJIL25FEB580PE,0
KALYANKJIL25FEB600CE,0
KALYANKJIL25FEB600PE,0
KALYANKJIL25FEB620CE,0
KALYANKJIL25FEB620PE,0
KALYANKJIL25FEB640CE,0
KALYANKJIL25FEB640PE,0
KALYANKJIL25FEBFUT,8525
KEI25FEB3400CE,0
KEI25FEB3400PE,0
KEI25FEB3500CE,0
KEI25FEB3500PE,0
KEI25FEB3600CE,0
KEI25FEB3600PE,0
KEI25FEB3700CE,0
KEI25FEB3700PE,0
KEI25FEB3800CE,0
KEI25FEB3800PE,0
KEI25FEB3900CE,0
KEI25FEB3900PE,0
KEI25FEB4000CE,0
KEI25FEB4000PE,0
KEI25FEB4100CE,0
KEI25FEB4100PE,0
KEI25FEB4200CE,0
KEI25FEB4200PE,0
KEI25FEB4300CE,0
KEI25FEB4300PE,0
KEI25FEBFUT,0
KOTAKBANK25FEB1800CE,0
KOTAKBANK25FEB1800PE,0
KOTAKBANK25FEB1840CE,0
KOTAKBANK25FEB1840PE,0
KOTAKBANK25FEB1860CE,0
KOTAKBANK25FEB1860PE,0
KOTAKBANK25FEB1880CE,0
KOTAKBANK25FEB1880PE,0
KOTAKBANK25FEB1900CE,0
KOTAKBANK25FEB1900PE,0
KOTAKBANK25FEB1920CE,0
KOTAKBANK25FEB1920PE,0
KOTAKBANK25FEB1940CE,0
KOTAKBANK25FEB1940PE,0
KOTAKBANK25FEB1960CE,0
KOTAKBANK25FEB1960PE,0
KOTAKBANK25FEB1980CE,0
KOTAKBANK25FEB1980PE,0
KOTAKBANK25FEB2000CE,0
KOTAKBANK25FEB2000PE,0
KOTAKBANK25FEB2020CE,0
KOTAKBANK25FEB2020PE,0
KOTAKBANK25FEBFUT,0
KPITTECH25FEB1320CE,0
KPITTECH25FEB1320PE,0
KPITTECH25FEB1340CE,0
KPITTECH25FEB1340PE,0
KPITTECH25FEB1360CE,0
KPITTECH25FEB1360PE,0
KPITTECH25FEB1380CE,0
KPITTECH25FEB1380PE,0
KPITTECH25FEB1400CE,0
KPITTECH25FEB1400PE,0
KPITTECH25FEB1420CE,0
KPITTECH25FEB1420PE,0
KPITTECH25FEB1440CE,-2000
KPITTECH25FEB1440PE,2000
KPITTECH25FEB1460CE,0
KPITTECH25FEB1460PE,0
KPITTECH25FEB1480CE,0
KPITTECH25FEB1480PE,0
KPITTECH25FEB1500CE,0
KPITTECH25FEB1500PE,0
KPITTECH25FEBFUT,2000
MANAPPURAM25FEB190CE,-9000
MANAPPURAM25FEB190PE,9000
MANAPPURAM25FEB192.5CE,0
MANAPPURAM25FEB192.5PE,0
MANAPPURAM25FEB195CE,0
MANAPPURAM25FEB195PE,0
MANAPPURAM25FEB197.5CE,0
MANAPPURAM25FEB197.5PE,0
MANAPPURAM25FEB200CE,0
MANAPPURAM25FEB200PE,0
MANAPPURAM25FEB202.5CE,0
MANAPPURAM25FEB202.5PE,0
MANAPPURAM25FEB205CE,0
MANAPPURAM25FEB205PE,0
MANAPPURAM25FEB207.5CE,0
MANAPPURAM25FEB207.5PE,0
MANAPPURAM25FEB210CE,-51000
MANAPPURAM25FEB210PE,51000
MANAPPURAM25FEB212.5CE,0
MANAPPURAM25FEB212.5PE,0
MANAPPURAM25FEB215CE,0
MANAPPURAM25FEB215PE,0
MANAPPURAM25FEB220CE,0
MANAPPURAM25FEB220PE,0
MANAPPURAM25FEBFUT,60000
MARUTI25FEB12500CE,0
MARUTI25FEB12500PE,0
MARUTI25FEB12700CE,0
MARUTI25FEB12700PE,0
MARUTI25FEB12800CE,0
MARUTI25FEB12800PE,0
MARUTI25FEB12900CE,0
MARUTI25FEB12900PE,0
MARUTI25FEB13000CE,0
MARUTI25FEB13000PE,0
MARUTI25FEB13100CE,100
MARUTI25FEB13100PE,-100
MARUTI25FEB13200CE,0
MARUTI25FEB13200PE,0
MARUTI25FEB13300CE,0
MARUTI25FEB13300PE,0
MARUTI25FEB13400CE,0
MARUTI25FEB13400PE,0
MARUTI25FEB13500CE,0
MARUTI25FEB13500PE,0
MARUTI25FEB13600CE,0
MARUTI25FEB13600PE,0
MARUTI25FEBFUT,-100
MOTHERSON25FEB110CE,0
MOTHERSON25FEB110PE,0
MOTHERSON25FEB112.5CE,0
MOTHERSON25FEB112.5PE,0
MOTHERSON25FEB115CE,0
MOTHERSON25FEB115PE,0
MOTHERSON25FEB117.5CE,0
MOTHERSON25FEB117.5PE,0
MOTHERSON25FEB120CE,0
MOTHERSON25FEB120PE,0
MOTHERSON25FEB122.5CE,0
MOTHERSON25FEB122.5PE,0
MOTHERSON25FEB125CE,0
MOTHERSON25FEB125PE,0
MOTHERSON25FEB127.5CE,0
MOTHERSON25FEB127.5PE,0
MOTHERSON25FEB130CE,0
MOTHERSON25FEB130PE,0
MOTHERSON25FEB132.5CE,0
MOTHERSON25FEB132.5PE,0
MOTHERSON25FEB135CE,-3550
MOTHERSON25FEB135PE,3550
MOTHERSON25FEB137.5CE,0
MOTHERSON25FEB137.5PE,0
MOTHERSON25FEB140CE,0
MOTHERSON25FEB140PE,0
MOTHERSON25FEB145CE,-10650
MOTHERSON25FEB145PE,10650
MOTHERSON25FEBFUT,14200
NCC25FEB165CE,0
NCC25FEB165PE,0
NCC25FEB170CE,0
NCC25FEB170PE,0
NCC25FEB175CE,0
NCC25FEB175PE,0
NCC25FEB180CE,0
NCC25FEB180PE,0
NCC25FEB185CE,0
NCC25FEB185PE,0
NCC25FEB190CE,0
NCC25FEB190PE,0
NCC25FEB195CE,0
NCC25FEB195PE,0
NCC25FEB200CE,-12425
NCC25FEB200PE,12425
NCC25FEB205CE,0
NCC25FEB205PE,0
NCC25FEB210CE,-8875
NCC25FEB210PE,8875
NCC25FEB215CE,0
NCC25FEB215PE,0
NCC25FEB220CE,-5325
NCC25FEB220PE,5325
NCC25FEB225CE,0
NCC25FEB225PE,0
NCC25FEB230CE,0
NCC25FEB230PE,0
NCC25FEB240CE,-1775
NCC25FEB240PE,1775
NCC25FEBFUT,28400
NMDC25FEB59CE,0
NMDC25FEB59PE,0
NMDC25FEB60CE,-13500
NMDC25FEB60PE,13500
NMDC25FEB61CE,0
NMDC25FEB61PE,0
NMDC25FEB62CE,0
NMDC25FEB62PE,0
NMDC25FEB63CE,0
NMDC25FEB63PE,0
NMDC25FEB64CE,0
NMDC25FEB64PE,0
NMDC25FEB65CE,-81000
NMDC25FEB65PE,81000
NMDC25FEB66CE,-108000
NMDC25FEB66PE,108000
NMDC25FEB67CE,-67500
NMDC25FEB67PE,67500
NMDC25FEB68CE,-121500
NMDC25FEB68PE,121500
NMDC25FEB69CE,0
NMDC25FEB69PE,0
NMDC25FEB70CE,-567000
NMDC25FEB70PE,567000
NMDC25FEBFUT,958500
NTPC25FEB285CE,0
NTPC25FEB285PE,0
NTPC25FEB290CE,0
NTPC25FEB290PE,0
NTPC25FEB295CE,0
NTPC25FEB295PE,0
NTPC25FEB300CE,0
NTPC25FEB300PE,0
NTPC25FEB305CE,0
NTPC25FEB305PE,0
NTPC25FEB310CE,0
NTPC25FEB310PE,0
NTPC25FEB315CE,0
NTPC25FEB315PE,0
NTPC25FEB320CE,0
NTPC25FEB320PE,0
NTPC25FEB325CE,0
NTPC25FEB325PE,0
NTPC25FEB330CE,0
NTPC25FEB330PE,0
NTPC25FEB335CE,0
NTPC25FEB335PE,0
NTPC25FEB340CE,0
NTPC25FEB340PE,0
NTPC25FEB345CE,0
NTPC25FEB345PE,0
NTPC25FEBFUT,0
ONGC25FEB240CE,0
ONGC25FEB240PE,0
ONGC25FEB242.5CE,0
ONGC25FEB242.5PE,0
ONGC25FEB245CE,0
ONGC25FEB245PE,0
ONGC25FEB247.5CE,0
ONGC25FEB247.5PE,0
ONGC25FEB250CE,0
ONGC25FEB250PE,0
ONGC25FEB252.5CE,0
ONGC25FEB252.5PE,0
ONGC25FEB255CE,0
ONGC25FEB255PE,0
ONGC25FEB257.5CE,0
ONGC25FEB257.5PE,0
ONGC25FEB260CE,0
ONGC25FEB260PE,0
ONGC25FEB262.5CE,0
ONGC25FEB262.5PE,0
ONGC25FEB265CE,0
ONGC25FEB265PE,0
ONGC25FEB270CE,0
ONGC25FEB270PE,0
ONGC25FEB280CE,0
ONGC25FEB280PE,0
ONGC25FEBFUT,0
PEL25FEB1000CE,-750
PEL25FEB1000PE,750
PEL25FEB1020CE,0
PEL25FEB1020PE,0
PEL25FEB1040CE,0
PEL25FEB1040PE,0
PEL25FEB1060CE,0
PEL25FEB1060PE,0
PEL25FEB1400CE,0
PEL25FEB1400PE,0
PEL25FEB880CE,0
PEL25FEB880PE,0
PEL25FEB900CE,0
PEL25FEB900PE,0
PEL25FEB920CE,0
PEL25FEB920PE,0
PEL25FEB940CE,0
PEL25FEB940PE,0
PEL25FEB960CE,0
PEL25FEB960PE,0
PEL25FEB980CE,0
PEL25FEB980PE,0
PEL25FEBFUT,750
PNB25FEB100CE,-1072000
PNB25FEB100PE,1072000
PNB25FEB101CE,0
PNB25FEB101PE,0
PNB25FEB102CE,-104000
PNB25FEB102PE,104000
PNB25FEB103CE,0
PNB25FEB103PE,0
PNB25FEB104CE,0
PNB25FEB104PE,0
PNB25FEB105CE,-368000
PNB25FEB105PE,368000
PNB25FEB87CE,0
PNB25FEB87PE,0
PNB25FEB88CE,0
PNB25FEB88PE,0
PNB25FEB89CE,0
PNB25FEB89PE,0
PNB25FEB90CE,-8000
PNB25FEB90PE,8000
PNB25FEB91CE,0
PNB25FEB91PE,0
PNB25FEB92CE,0
PNB25FEB92PE,0
PNB25FEB93CE,0
PNB25FEB93PE,0
PNB25FEB94CE,0
PNB25FEB94PE,0
PNB25FEB95CE,-152000
PNB25FEB95PE,152000
PNB25FEB96CE,-16000
PNB25FEB96PE,16000
PNB25FEB97CE,8000
PNB25FEB97PE,-8000
PNB25FEB98CE,-128000
PNB25FEB98PE,128000
PNB25FEB99CE,-16000
PNB25FEB99PE,16000
PNB25FEBFUT,1856000
POLICYBZR25FEB1300CE,0
POLICYBZR25FEB1300PE,0
POLICYBZR25FEB1350CE,0
POLICYBZR25FEB1350PE,0
POLICYBZR25FEB1400CE,0
POLICYBZR25FEB1400PE,0
POLICYBZR25FEB1450CE,0
POLICYBZR25FEB1450PE,0
POLICYBZR25FEB1500CE,-975
POLICYBZR25FEB1500PE,975
POLICYBZR25FEB1550CE,0
POLICYBZR25FEB1550PE,0
POLICYBZR25FEB1600CE,-975
POLICYBZR25FEB1600PE,975
POLICYBZR25FEB1650CE,0
POLICYBZR25FEB1650PE,0
POLICYBZR25FEB1700CE,0
POLICYBZR25FEB1700PE,0
POLICYBZR25FEB1750CE,0
POLICYBZR25FEB1750PE,0
POLICYBZR25FEBFUT,1950
RECLTD25FEB340CE,0
RECLTD25FEB340PE,0
RECLTD25FEB350CE,0
RECLTD25FEB350PE,0
RECLTD25FEB360CE,0
RECLTD25FEB360PE,0
RECLTD25FEB370CE,0
RECLTD25FEB370PE,0
RECLTD25FEB380CE,0
RECLTD25FEB380PE,0
RECLTD25FEB390CE,0
RECLTD25FEB390PE,0
RECLTD25FEB400CE,0
RECLTD25FEB400PE,0
RECLTD25FEB410CE,0
RECLTD25FEB410PE,0
RECLTD25FEB420CE,0
RECLTD25FEB420PE,0
RECLTD25FEB430CE,0
RECLTD25FEB430PE,0
RECLTD25FEB440CE,0
RECLTD25FEB440PE,0
RECLTD25FEBFUT,0
RELIANCE25FEB1180CE,0
RELIANCE25FEB1180PE,0
RELIANCE25FEB1190CE,0
RELIANCE25FEB1190PE,0
RELIANCE25FEB1200CE,0
RELIANCE25FEB1200PE,0
RELIANCE25FEB1210CE,0
RELIANCE25FEB1210PE,0
RELIANCE25FEB1220CE,0
RELIANCE25FEB1220PE,0
RELIANCE25FEB1230CE,0
RELIANCE25FEB1230PE,0
RELIANCE25FEB1240CE,0
RELIANCE25FEB1240PE,0
RELIANCE25FEB1250CE,-3000
RELIANCE25FEB1250PE,3000
RELIANCE25FEB1260CE,0
RELIANCE25FEB1260PE,0
RELIANCE25FEB1270CE,-500
RELIANCE25FEB1270PE,500
RELIANCE25FEB1280CE,0
RELIANCE25FEB1280PE,0
RELIANCE25FEB1290CE,0
RELIANCE25FEB1290PE,0
RELIANCE25FEB1300CE,-71000
RELIANCE25FEB1300PE,71000
RELIANCE25FEB1310CE,-6000
RELIANCE25FEB1310PE,6000
RELIANCE25FEB1320CE,-16000
RELIANCE25FEB1320PE,16000
RELIANCE25FEB1330CE,0
RELIANCE25FEB1330PE,0
RELIANCE25FEB1350CE,0
RELIANCE25FEB1350PE,0
RELIANCE25FEB1400CE,-8500
RELIANCE25FEB1400PE,8500
RELIANCE25FEBFUT,105000
SAIL25FEB100CE,-84000
SAIL25FEB100PE,84000
SAIL25FEB102.5CE,0
SAIL25FEB102.5PE,0
SAIL25FEB105CE,-84000
SAIL25FEB105PE,84000
SAIL25FEB107.5CE,-16000
SAIL25FEB107.5PE,16000
SAIL25FEB110CE,-192000
SAIL25FEB110PE,192000
SAIL25FEB112.5CE,0
SAIL25FEB112.5PE,0
SAIL25FEB115CE,-76000
SAIL25FEB115PE,76000
SAIL25FEB120CE,0
SAIL25FEB120PE,0
SAIL25FEB90CE,0
SAIL25FEB90PE,0
SAIL25FEB92.5CE,0
SAIL25FEB92.5PE,0
SAIL25FEB95CE,0
SAIL25FEB95PE,0
SAIL25FEB97.5CE,0
SAIL25FEB97.5PE,0
SAIL25FEBFUT,452000
SBICARD25FEB800CE,800
SBICARD25FEB800PE,-800
SBICARD25FEB835CE,0
SBICARD25FEB835PE,0
SBICARD25FEB840CE,800
SBICARD25FEB840PE,-800
SBICARD25FEB845CE,0
SBICARD25FEB845PE,0
SBICARD25FEB850CE,800
SBICARD25FEB850PE,-800
SBICARD25FEB855CE,0
SBICARD25FEB855PE,0
SBICARD25FEB860CE,0
SBICARD25FEB860PE,0
SBICARD25FEB865CE,0
SBICARD25FEB865PE,0
SBICARD25FEB870CE,0
SBICARD25FEB870PE,0
SBICARD25FEB875CE,0
SBICARD25FEB875PE,0
SBICARD25FEB880CE,0
SBICARD25FEB880PE,0
SBICARD25FEBFUT,-2400
SJVN25FEB100CE,-4725
SJVN25FEB100PE,4725
SJVN25FEB102.5CE,0
SJVN25FEB102.5PE,0
SJVN25FEB105CE,0
SJVN25FEB105PE,0
SJVN25FEB107.5CE,0
SJVN25FEB107.5PE,0
SJVN25FEB110CE,0
SJVN25FEB110PE,0
SJVN25FEB87.5CE,0
SJVN25FEB87.5PE,0
SJVN25FEB90CE,-9450
SJVN25FEB90PE,9450
SJVN25FEB92.5CE,0
SJVN25FEB92.5PE,0
SJVN25FEB95CE,0
SJVN25FEB95PE,0
SJVN25FEB97.5CE,0
SJVN25FEB97.5PE,0
SJVN25FEBFUT,14175
TATAMOTORS25FEB650CE,0
TATAMOTORS25FEB650PE,0
TATAMOTORS25FEB660CE,0
TATAMOTORS25FEB660PE,0
TATAMOTORS25FEB670CE,0
TATAMOTORS25FEB670PE,0
TATAMOTORS25FEB680CE,0
TATAMOTORS25FEB680PE,0
TATAMOTORS25FEB690CE,0
TATAMOTORS25FEB690PE,0
TATAMOTORS25FEB700CE,-9350
TATAMOTORS25FEB700PE,9350
TATAMOTORS25FEB710CE,0
TATAMOTORS25FEB710PE,0
TATAMOTORS25FEB720CE,-1650
TATAMOTORS25FEB720PE,1650
TATAMOTORS25FEB730CE,-8250
TATAMOTORS25FEB730PE,8250
TATAMOTORS25FEB740CE,0
TATAMOTORS25FEB740PE,0
TATAMOTORS25FEB750CE,-10450
TATAMOTORS25FEB750PE,10450
TATAMOTORS25FEBFUT,29700
TATAPOWER25FEB315CE,0
TATAPOWER25FEB315PE,0
TATAPOWER25FEB320CE,0
TATAPOWER25FEB320PE,0
TATAPOWER25FEB325CE,0
TATAPOWER25FEB325PE,0
TATAPOWER25FEB330CE,0
TATAPOWER25FEB330PE,0
TATAPOWER25FEB335CE,0
TATAPOWER25FEB335PE,0
TATAPOWER25FEB340CE,0
TATAPOWER25FEB340PE,0
TATAPOWER25FEB345CE,0
TATAPOWER25FEB345PE,0
TATAPOWER25FEB350CE,-1350
TATAPOWER25FEB350PE,1350
TATAPOWER25FEB355CE,0
TATAPOWER25FEB355PE,0
TATAPOWER25FEB360CE,-5400
TATAPOWER25FEB360PE,5400
TATAPOWER25FEB365CE,0
TATAPOWER25FEB365PE,0
TATAPOWER25FEB370CE,-6750
TATAPOWER25FEB370PE,6750
TATAPOWER25FEB375CE,0
TATAPOWER25FEB375PE,0
TATAPOWER25FEB380CE,0
TATAPOWER25FEB380PE,0
TATAPOWER25FEBFUT,13500
TATASTEEL25FEB125CE,-5500
TATASTEEL25FEB125PE,5500
TATASTEEL25FEB126CE,0
TATASTEEL25FEB126PE,0
TATASTEEL25FEB127CE,0
TATASTEEL25FEB127PE,0
TATASTEEL25FEB128CE,0
TATASTEEL25FEB128PE,0
TATASTEEL25FEB129CE,0
TATASTEEL25FEB129PE,0
TATASTEEL25FEB130CE,-22000
TATASTEEL25FEB130PE,22000
TATASTEEL25FEB131CE,0
TATASTEEL25FEB131PE,0
TATASTEEL25FEB132CE,0
TATASTEEL25FEB132PE,0
TATASTEEL25FEB133CE,-5500
TATASTEEL25FEB133PE,5500
TATASTEEL25FEB134CE,0
TATASTEEL25FEB134PE,0
TATASTEEL25FEB135CE,-110000
TATASTEEL25FEB135PE,110000
TATASTEEL25FEB136CE,0
TATASTEEL25FEB136PE,0
TATASTEEL25FEB137CE,0
TATASTEEL25FEB137PE,0
TATASTEEL25FEB138CE,0
TATASTEEL25FEB138PE,0
TATASTEEL25FEB140CE,-137500
TATASTEEL25FEB140PE,137500
TATASTEEL25FEBFUT,280500
TRENT25FEB5000CE,0
TRENT25FEB5000PE,0
TRENT25FEB5100CE,0
TRENT25FEB5100PE,0
TRENT25FEB5200CE,0
TRENT25FEB5200PE,0
TRENT25FEB5300CE,0
TRENT25FEB5300PE,0
TRENT25FEB5400CE,0
TRENT25FEB5400PE,0
TRENT25FEB5500CE,0
TRENT25FEB5500PE,0
TRENT25FEB5600CE,0
TRENT25FEB5600PE,0
TRENT25FEB5700CE,0
TRENT25FEB5700PE,0
TRENT25FEB5800CE,0
TRENT25FEB5800PE,0
TRENT25FEB5900CE,0
TRENT25FEB5900PE,0
TRENT25FEB6000CE,0
TRENT25FEB6000PE,0
TRENT25FEBFUT,0
UNIONBANK25FEB110CE,0
UNIONBANK25FEB110PE,0
UNIONBANK25FEB111CE,0
UNIONBANK25FEB111PE,0
UNIONBANK25FEB112CE,0
UNIONBANK25FEB112PE,0
UNIONBANK25FEB113CE,0
UNIONBANK25FEB113PE,0
UNIONBANK25FEB114CE,0
UNIONBANK25FEB114PE,0
UNIONBANK25FEB115CE,0
UNIONBANK25FEB115PE,0
UNIONBANK25FEB116CE,0
UNIONBANK25FEB116PE,0
UNIONBANK25FEB117CE,0
UNIONBANK25FEB117PE,0
UNIONBANK25FEB118CE,0
UNIONBANK25FEB118PE,0
UNIONBANK25FEB119CE,0
UNIONBANK25FEB119PE,0
UNIONBANK25FEB120CE,0
UNIONBANK25FEB120PE,0
UNIONBANK25FEB121CE,0
UNIONBANK25FEB121PE,0
UNIONBANK25FEBFUT,0
UPL25FEB550CE,0
UPL25FEB550PE,0
UPL25FEB570CE,0
UPL25FEB570PE,0
UPL25FEB580CE,0
UPL25FEB580PE,0
UPL25FEB590CE,0
UPL25FEB590PE,0
UPL25FEB600CE,0
UPL25FEB600PE,0
UPL25FEB610CE,0
UPL25FEB610PE,0
UPL25FEB620CE,0
UPL25FEB620PE,0
UPL25FEB630CE,0
UPL25FEB630PE,0
UPL25FEB640CE,0
UPL25FEB640PE,0
UPL25FEB650CE,0
UPL25FEB650PE,0
UPL25FEB660CE,0
UPL25FEB660PE,0
UPL25FEBFUT,0
VEDL25FEB390CE,0
VEDL25FEB390PE,0
VEDL25FEB400CE,0
VEDL25FEB400PE,0
VEDL25FEB410CE,0
VEDL25FEB410PE,0
VEDL25FEB420CE,-1150
VEDL25FEB420PE,1150
VEDL25FEB430CE,0
VEDL25FEB430PE,0
VEDL25FEB440CE,-2300
VEDL25FEB440PE,2300
VEDL25FEB450CE,-2300
VEDL25FEB450PE,2300
VEDL25FEB460CE,-2300
VEDL25FEB460PE,2300
VEDL25FEB470CE,0
VEDL25FEB470PE,0
VEDL25FEB480CE,0
VEDL25FEB480PE,0
VEDL25FEBFUT,8050
WIPRO25FEB296.5CE,0
WIPRO25FEB296.5PE,0
WIPRO25FEB300CE,0
WIPRO25FEB300PE,0
WIPRO25FEB302.5CE,0
WIPRO25FEB302.5PE,0
WIPRO25FEB305CE,0
WIPRO25FEB305PE,0
WIPRO25FEB307.5CE,0
WIPRO25FEB307.5PE,0
WIPRO25FEB310CE,0
WIPRO25FEB310PE,0
WIPRO25FEB312.5CE,0
WIPRO25FEB312.5PE,0
WIPRO25FEB315CE,0
WIPRO25FEB315PE,0
WIPRO25FEB317.5CE,0
WIPRO25FEB317.5PE,0
WIPRO25FEB320CE,-3000
WIPRO25FEB320PE,3000
WIPRO25FEB322.5CE,0
WIPRO25FEB322.5PE,0
WIPRO25FEB325CE,0
WIPRO25FEB325PE,0
WIPRO25FEB327.5CE,0
WIPRO25FEB327.5PE,0
WIPRO25FEB330CE,0
WIPRO25FEB330PE,0
WIPRO25FEB332.5CE,0
WIPRO25FEB332.5PE,0
WIPRO25FEB335CE,0
WIPRO25FEB335PE,0
WIPRO25FEBFUT,3000
